cluster,0.0,1.0
0,0.9694415173867229,0.030558482613277135
1,0.15987460815047022,0.8401253918495298
