cluster,0.0,1.0
0,0.9369610012974128,0.0630389987025872
1,0.09882060831781503,0.901179391682185
