cluster,0.0,1.0
0,0.9595611285266458,0.04043887147335423
1,0.14575163398692811,0.8542483660130719
