cluster,0.0,1.0
0,0.9357471745500209,0.06425282544997907
1,0.10384376937383757,0.8961562306261625
