{
    "WINTER WD": {
        "A": -0.04824857127647055,
        "B": 0.04594821842884561,
        "C": 0.0
    },
    "WINTER WE": {
        "A": 0.0,
        "B": 0.0,
        "C": 0.0
    },
    "SUMMER WD": {
        "A": -0.01748898644711553,
        "B": -0.10543313607259203,
        "C": 0.2259624551938319
    },
    "SUMMER WE": {
        "A": -0.27901847802139396,
        "B": -2.25269401417641,
        "C": 4.119763891081181
    }
}